IDENTIFICADOR;CARGO;PERCENT_PRI;DISTANCE_KM
1;3;0,85417;1414,13
1;4;0,85417;1414,13
1;5;0,85417;1414,13
1;6;0,85417;1414,13
1;7;0,85417;1414,13
1;8;0,85417;1414,13
1;9;0,85417;1414,13
1;10;0,85417;1414,13
1;11;0,85417;1414,13
1;12;0,85417;1414,13
1;13;0,85417;1414,13
1;14;0,85417;1414,13
1;15;0,85417;1414,13
1;16;0,85417;1414,13
1;17;0,85417;1414,13
1;18;0,85417;1414,13
1;19;0,85417;1414,13
1;20;0,85417;1414,13
1;21;0,85417;1414,13
1;22;0,85417;1414,13
1;23;0,85417;1414,13
1;24;0,85417;1414,13
1;25;0,85417;1414,13
1;26;0,85417;1414,13
1;27;0,85417;1414,13
1;28;0,85417;1414,13
1;29;0,85417;1414,13
1;30;0,85417;1414,13
1;1;0,85417;1414,13
1;2;0,85417;1414,13
1;55;0,89583;1472,53
1;56;0,89583;1472,53
1;57;0,89583;1472,53
1;58;0,89583;1472,53
1;59;0,89583;1472,53
1;60;0,89583;1472,53
1;61;0,89583;1472,53
1;62;0,89583;1472,53
1;63;0,89583;1472,53
1;64;0,89583;1472,53
1;65;0,89583;1472,53
1;66;0,89583;1472,53
1;67;0,89583;1472,53
1;68;0,89583;1472,53
1;69;0,89583;1472,53
1;70;0,89583;1472,53
1;71;0,89583;1472,53
1;72;0,89583;1472,53
1;73;0,89583;1472,53
1;74;0,89583;1472,53
2;55;0,58333;2985,69
2;56;0,58333;2985,69
2;57;0,58333;2985,69
2;58;0,58333;2985,69
2;59;0,58333;2985,69
2;60;0,58333;2985,69
2;61;0,58333;2985,69
2;62;0,58333;2985,69
2;63;0,58333;2985,69
2;64;0,58333;2985,69
2;65;0,58333;2985,69
2;66;0,58333;2985,69
2;67;0,58333;2985,69
2;68;0,58333;2985,69
2;69;0,58333;2985,69
2;70;0,58333;2985,69
2;71;0,58333;2985,69
2;72;0,58333;2985,69
2;73;0,58333;2985,69
2;74;0,58333;2985,69
2;1;0,5625;2934,83
2;2;0,5625;2934,83
2;3;0,5625;2934,83
2;4;0,5625;2934,83
2;5;0,5625;2934,83
2;6;0,5625;2934,83
2;7;0,5625;2934,83
2;8;0,5625;2934,83
2;9;0,5625;2934,83
2;10;0,5625;2934,83
2;11;0,5625;2934,83
2;12;0,5625;2934,83
2;13;0,5625;2934,83
2;14;0,5625;2934,83
2;15;0,5625;2934,83
2;16;0,5625;2934,83
2;17;0,5625;2934,83
2;18;0,5625;2934,83
2;19;0,5625;2934,83
2;20;0,5625;2934,83
2;21;0,5625;2934,83
2;22;0,5625;2934,83
2;23;0,5625;2934,83
2;24;0,5625;2934,83
2;25;0,5625;2934,83
2;26;0,5625;2934,83
2;27;0,5625;2934,83
2;28;0,5625;2934,83
2;29;0,5625;2934,83
2;30;0,5625;2934,83
3;26;0,65957;3415,07
3;27;0,65957;3415,07
3;28;0,65957;3415,07
3;29;0,65957;3415,07
3;30;0,65957;3415,07
3;1;0,65957;3415,07
3;2;0,65957;3415,07
3;3;0,65957;3415,07
3;4;0,65957;3415,07
3;5;0,65957;3415,07
3;6;0,65957;3415,07
3;7;0,65957;3415,07
3;8;0,65957;3415,07
3;9;0,65957;3415,07
3;10;0,65957;3415,07
3;11;0,65957;3415,07
3;12;0,65957;3415,07
3;13;0,65957;3415,07
3;14;0,65957;3415,07
3;15;0,65957;3415,07
3;16;0,65957;3415,07
3;17;0,65957;3415,07
3;18;0,65957;3415,07
3;19;0,65957;3415,07
3;20;0,65957;3415,07
3;21;0,65957;3415,07
3;22;0,65957;3415,07
3;23;0,65957;3415,07
3;24;0,65957;3415,07
3;25;0,65957;3415,07
3;55;0,70213;3456,22
3;56;0,70213;3456,22
3;57;0,70213;3456,22
3;58;0,70213;3456,22
3;59;0,70213;3456,22
3;60;0,70213;3456,22
3;61;0,70213;3456,22
3;62;0,70213;3456,22
3;63;0,70213;3456,22
3;64;0,70213;3456,22
3;65;0,70213;3456,22
3;66;0,70213;3456,22
3;67;0,70213;3456,22
3;68;0,70213;3456,22
3;69;0,70213;3456,22
3;70;0,70213;3456,22
3;71;0,70213;3456,22
3;72;0,70213;3456,22
3;73;0,70213;3456,22
3;74;0,70213;3456,22
4;73;0,44681;1830,77
4;74;0,44681;1830,77
4;55;0,44681;1830,77
4;56;0,44681;1830,77
4;57;0,44681;1830,77
4;58;0,44681;1830,77
4;59;0,44681;1830,77
4;60;0,44681;1830,77
4;61;0,44681;1830,77
4;62;0,44681;1830,77
4;63;0,44681;1830,77
4;64;0,44681;1830,77
4;65;0,44681;1830,77
4;66;0,44681;1830,77
4;67;0,44681;1830,77
4;68;0,44681;1830,77
4;69;0,44681;1830,77
4;70;0,44681;1830,77
4;71;0,44681;1830,77
4;72;0,44681;1830,77
4;5;0,42553;1758,24
4;6;0,42553;1758,24
4;7;0,42553;1758,24
4;8;0,42553;1758,24
4;9;0,42553;1758,24
4;10;0,42553;1758,24
4;11;0,42553;1758,24
4;12;0,42553;1758,24
4;13;0,42553;1758,24
4;14;0,42553;1758,24
4;15;0,42553;1758,24
4;16;0,42553;1758,24
4;17;0,42553;1758,24
4;18;0,42553;1758,24
4;19;0,42553;1758,24
4;20;0,42553;1758,24
4;21;0,42553;1758,24
4;22;0,42553;1758,24
4;23;0,42553;1758,24
4;24;0,42553;1758,24
4;25;0,42553;1758,24
4;26;0,42553;1758,24
4;27;0,42553;1758,24
4;28;0,42553;1758,24
4;29;0,42553;1758,24
4;30;0,42553;1758,24
4;1;0,42553;1758,24
4;2;0,42553;1758,24
4;3;0,42553;1758,24
4;4;0,42553;1758,24
5;1;0,65957;801,75
5;2;0,65957;801,75
5;3;0,65957;801,75
5;4;0,65957;801,75
5;5;0,65957;801,75
5;6;0,65957;801,75
5;7;0,65957;801,75
5;8;0,65957;801,75
5;9;0,65957;801,75
5;10;0,65957;801,75
5;11;0,65957;801,75
5;12;0,65957;801,75
5;13;0,65957;801,75
5;14;0,65957;801,75
5;15;0,65957;801,75
5;16;0,65957;801,75
5;17;0,65957;801,75
5;18;0,65957;801,75
5;19;0,65957;801,75
5;20;0,65957;801,75
5;21;0,65957;801,75
5;22;0,65957;801,75
5;23;0,65957;801,75
5;24;0,65957;801,75
5;25;0,65957;801,75
5;26;0,65957;801,75
5;27;0,65957;801,75
5;28;0,65957;801,75
5;29;0,65957;801,75
5;30;0,65957;801,75
5;55;0,6383;789,76
5;56;0,6383;789,76
5;57;0,6383;789,76
5;58;0,6383;789,76
5;59;0,6383;789,76
5;60;0,6383;789,76
5;61;0,6383;789,76
5;62;0,6383;789,76
5;63;0,6383;789,76
5;64;0,6383;789,76
5;65;0,6383;789,76
5;66;0,6383;789,76
5;67;0,6383;789,76
5;68;0,6383;789,76
5;69;0,6383;789,76
5;70;0,6383;789,76
5;71;0,6383;789,76
5;72;0,6383;789,76
5;73;0,6383;789,76
5;74;0,6383;789,76
6;73;0,97368;3562,54
6;74;0,97368;3562,54
6;55;0,97368;3562,54
6;56;0,97368;3562,54
6;57;0,97368;3562,54
6;58;0,97368;3562,54
6;59;0,97368;3562,54
6;60;0,97368;3562,54
6;61;0,97368;3562,54
6;62;0,97368;3562,54
6;63;0,97368;3562,54
6;64;0,97368;3562,54
6;65;0,97368;3562,54
6;66;0,97368;3562,54
6;67;0,97368;3562,54
6;68;0,97368;3562,54
6;69;0,97368;3562,54
6;70;0,97368;3562,54
6;71;0,97368;3562,54
6;72;0,97368;3562,54
6;10;1,0;3355,79
6;11;1,0;3355,79
6;12;1,0;3355,79
6;13;1,0;3355,79
6;14;1,0;3355,79
6;15;1,0;3355,79
6;16;1,0;3355,79
6;17;1,0;3355,79
6;18;1,0;3355,79
6;19;1,0;3355,79
6;20;1,0;3355,79
6;21;1,0;3355,79
6;22;1,0;3355,79
6;23;1,0;3355,79
6;24;1,0;3355,79
6;25;1,0;3355,79
6;26;1,0;3355,79
6;27;1,0;3355,79
6;28;1,0;3355,79
6;29;1,0;3355,79
6;30;1,0;3355,79
6;1;1,0;3355,79
6;2;1,0;3355,79
6;3;1,0;3355,79
6;4;1,0;3355,79
6;5;1,0;3355,79
6;6;1,0;3355,79
6;7;1,0;3355,79
6;8;1,0;3355,79
6;9;1,0;3355,79
7;1;0,89583;780,76
7;2;0,89583;780,76
7;3;0,89583;780,76
7;4;0,89583;780,76
7;5;0,89583;780,76
7;6;0,89583;780,76
7;7;0,89583;780,76
7;8;0,89583;780,76
7;9;0,89583;780,76
7;10;0,89583;780,76
7;11;0,89583;780,76
7;12;0,89583;780,76
7;13;0,89583;780,76
7;14;0,89583;780,76
7;15;0,89583;780,76
7;16;0,89583;780,76
7;17;0,89583;780,76
7;18;0,89583;780,76
7;19;0,89583;780,76
7;20;0,89583;780,76
7;21;0,89583;780,76
7;22;0,89583;780,76
7;23;0,89583;780,76
7;24;0,89583;780,76
7;25;0,89583;780,76
7;26;0,89583;780,76
7;27;0,89583;780,76
7;28;0,89583;780,76
7;29;0,89583;780,76
7;30;0,89583;780,76
7;55;0,83333;742,76
7;56;0,83333;742,76
7;57;0,83333;742,76
7;58;0,83333;742,76
7;59;0,83333;742,76
7;60;0,83333;742,76
7;61;0,83333;742,76
7;62;0,83333;742,76
7;63;0,83333;742,76
7;64;0,83333;742,76
7;65;0,83333;742,76
7;66;0,83333;742,76
7;67;0,83333;742,76
7;68;0,83333;742,76
7;69;0,83333;742,76
7;70;0,83333;742,76
7;71;0,83333;742,76
7;72;0,83333;742,76
7;73;0,83333;742,76
7;74;0,83333;742,76
8;71;1,0;1692,14
8;72;1,0;1692,14
8;73;1,0;1692,14
8;74;1,0;1692,14
8;55;1,0;1692,14
8;56;1,0;1692,14
8;57;1,0;1692,14
8;58;1,0;1692,14
8;59;1,0;1692,14
8;60;1,0;1692,14
8;61;1,0;1692,14
8;62;1,0;1692,14
8;63;1,0;1692,14
8;64;1,0;1692,14
8;65;1,0;1692,14
8;66;1,0;1692,14
8;67;1,0;1692,14
8;68;1,0;1692,14
8;69;1,0;1692,14
8;70;1,0;1692,14
8;29;0,97872;1604,7
8;30;0,97872;1604,7
8;1;0,97872;1604,7
8;2;0,97872;1604,7
8;3;0,97872;1604,7
8;4;0,97872;1604,7
8;5;0,97872;1604,7
8;6;0,97872;1604,7
8;7;0,97872;1604,7
8;8;0,97872;1604,7
8;9;0,97872;1604,7
8;10;0,97872;1604,7
8;11;0,97872;1604,7
8;12;0,97872;1604,7
8;13;0,97872;1604,7
8;14;0,97872;1604,7
8;15;0,97872;1604,7
8;16;0,97872;1604,7
8;17;0,97872;1604,7
8;18;0,97872;1604,7
8;19;0,97872;1604,7
8;20;0,97872;1604,7
8;21;0,97872;1604,7
8;22;0,97872;1604,7
8;23;0,97872;1604,7
8;24;0,97872;1604,7
8;25;0,97872;1604,7
8;26;0,97872;1604,7
8;27;0,97872;1604,7
8;28;0,97872;1604,7
9;26;0,87234;754,9
9;27;0,87234;754,9
9;28;0,87234;754,9
9;29;0,87234;754,9
9;30;0,87234;754,9
9;1;0,87234;754,9
9;2;0,87234;754,9
9;3;0,87234;754,9
9;4;0,87234;754,9
9;5;0,87234;754,9
9;6;0,87234;754,9
9;7;0,87234;754,9
9;8;0,87234;754,9
9;9;0,87234;754,9
9;10;0,87234;754,9
9;11;0,87234;754,9
9;12;0,87234;754,9
9;13;0,87234;754,9
9;14;0,87234;754,9
9;15;0,87234;754,9
9;16;0,87234;754,9
9;17;0,87234;754,9
9;18;0,87234;754,9
9;19;0,87234;754,9
9;20;0,87234;754,9
9;21;0,87234;754,9
9;22;0,87234;754,9
9;23;0,87234;754,9
9;24;0,87234;754,9
9;25;0,87234;754,9
9;69;0,85106;670,8
9;70;0,85106;670,8
9;71;0,85106;670,8
9;72;0,85106;670,8
9;73;0,85106;670,8
9;74;0,85106;670,8
9;55;0,85106;670,8
9;56;0,85106;670,8
9;57;0,85106;670,8
9;58;0,85106;670,8
9;59;0,85106;670,8
9;60;0,85106;670,8
9;61;0,85106;670,8
9;62;0,85106;670,8
9;63;0,85106;670,8
9;64;0,85106;670,8
9;65;0,85106;670,8
9;66;0,85106;670,8
9;67;0,85106;670,8
9;68;0,85106;670,8
10;72;0,97368;3811,71
10;73;0,97368;3811,71
10;74;0,97368;3811,71
10;55;0,97368;3811,71
10;56;0,97368;3811,71
10;57;0,97368;3811,71
10;58;0,97368;3811,71
10;59;0,97368;3811,71
10;60;0,97368;3811,71
10;61;0,97368;3811,71
10;62;0,97368;3811,71
10;63;0,97368;3811,71
10;64;0,97368;3811,71
10;65;0,97368;3811,71
10;66;0,97368;3811,71
10;67;0,97368;3811,71
10;68;0,97368;3811,71
10;69;0,97368;3811,71
10;70;0,97368;3811,71
10;71;0,97368;3811,71
10;4;1,0;3590,74
10;5;1,0;3590,74
10;6;1,0;3590,74
10;7;1,0;3590,74
10;8;1,0;3590,74
10;9;1,0;3590,74
10;10;1,0;3590,74
10;11;1,0;3590,74
10;12;1,0;3590,74
10;13;1,0;3590,74
10;14;1,0;3590,74
10;15;1,0;3590,74
10;16;1,0;3590,74
10;17;1,0;3590,74
10;18;1,0;3590,74
10;19;1,0;3590,74
10;20;1,0;3590,74
10;21;1,0;3590,74
10;22;1,0;3590,74
10;23;1,0;3590,74
10;24;1,0;3590,74
10;25;1,0;3590,74
10;26;1,0;3590,74
10;27;1,0;3590,74
10;28;1,0;3590,74
10;29;1,0;3590,74
10;30;1,0;3590,74
10;1;1,0;3590,74
10;2;1,0;3590,74
10;3;1,0;3590,74
11;4;0,40426;1448,2
11;5;0,40426;1448,2
11;6;0,40426;1448,2
11;7;0,40426;1448,2
11;8;0,40426;1448,2
11;9;0,40426;1448,2
11;10;0,40426;1448,2
11;11;0,40426;1448,2
11;12;0,40426;1448,2
11;13;0,40426;1448,2
11;14;0,40426;1448,2
11;15;0,40426;1448,2
11;16;0,40426;1448,2
11;17;0,40426;1448,2
11;18;0,40426;1448,2
11;19;0,40426;1448,2
11;20;0,40426;1448,2
11;21;0,40426;1448,2
11;22;0,40426;1448,2
11;23;0,40426;1448,2
11;24;0,40426;1448,2
11;25;0,40426;1448,2
11;26;0,40426;1448,2
11;27;0,40426;1448,2
11;28;0,40426;1448,2
11;29;0,40426;1448,2
11;30;0,40426;1448,2
11;1;0,40426;1448,2
11;2;0,40426;1448,2
11;3;0,40426;1448,2
11;55;0,42553;1394,51
11;56;0,42553;1394,51
11;57;0,42553;1394,51
11;58;0,42553;1394,51
11;59;0,42553;1394,51
11;60;0,42553;1394,51
11;61;0,42553;1394,51
11;62;0,42553;1394,51
11;63;0,42553;1394,51
11;64;0,42553;1394,51
11;65;0,42553;1394,51
11;66;0,42553;1394,51
11;67;0,42553;1394,51
11;68;0,42553;1394,51
11;69;0,42553;1394,51
11;70;0,42553;1394,51
11;71;0,42553;1394,51
11;72;0,42553;1394,51
11;73;0,42553;1394,51
11;74;0,42553;1394,51
12;55;0,125;145,67
12;56;0,125;145,67
12;57;0,125;145,67
12;58;0,125;145,67
12;59;0,125;145,67
12;60;0,125;145,67
12;61;0,125;145,67
12;62;0,125;145,67
12;63;0,125;145,67
12;64;0,125;145,67
12;65;0,125;145,67
12;66;0,125;145,67
12;67;0,125;145,67
12;68;0,125;145,67
12;69;0,125;145,67
12;70;0,125;145,67
12;71;0,125;145,67
12;72;0,125;145,67
12;73;0,125;145,67
12;74;0,125;145,67
12;2;0,0625;93,51
12;3;0,0625;93,51
12;4;0,0625;93,51
12;5;0,0625;93,51
12;6;0,0625;93,51
12;7;0,0625;93,51
12;8;0,0625;93,51
12;9;0,0625;93,51
12;10;0,0625;93,51
12;11;0,0625;93,51
12;12;0,0625;93,51
12;13;0,0625;93,51
12;14;0,0625;93,51
12;15;0,0625;93,51
12;16;0,0625;93,51
12;17;0,0625;93,51
12;18;0,0625;93,51
12;19;0,0625;93,51
12;20;0,0625;93,51
12;21;0,0625;93,51
12;22;0,0625;93,51
12;23;0,0625;93,51
12;24;0,0625;93,51
12;25;0,0625;93,51
12;26;0,0625;93,51
12;27;0,0625;93,51
12;28;0,0625;93,51
12;29;0,0625;93,51
12;30;0,0625;93,51
12;1;0,0625;93,51
13;10;0,2766;1575,76
13;11;0,2766;1575,76
13;12;0,2766;1575,76
13;13;0,2766;1575,76
13;14;0,2766;1575,76
13;15;0,2766;1575,76
13;16;0,2766;1575,76
13;17;0,2766;1575,76
13;18;0,2766;1575,76
13;19;0,2766;1575,76
13;20;0,2766;1575,76
13;21;0,2766;1575,76
13;22;0,2766;1575,76
13;23;0,2766;1575,76
13;24;0,2766;1575,76
13;25;0,2766;1575,76
13;26;0,2766;1575,76
13;27;0,2766;1575,76
13;28;0,2766;1575,76
13;29;0,2766;1575,76
13;30;0,2766;1575,76
13;1;0,2766;1575,76
13;2;0,2766;1575,76
13;3;0,2766;1575,76
13;4;0,2766;1575,76
13;5;0,2766;1575,76
13;6;0,2766;1575,76
13;7;0,2766;1575,76
13;8;0,2766;1575,76
13;9;0,2766;1575,76
13;55;0,48936;1749,09
13;56;0,48936;1749,09
13;57;0,48936;1749,09
13;58;0,48936;1749,09
13;59;0,48936;1749,09
13;60;0,48936;1749,09
13;61;0,48936;1749,09
13;62;0,48936;1749,09
13;63;0,48936;1749,09
13;64;0,48936;1749,09
13;65;0,48936;1749,09
13;66;0,48936;1749,09
13;67;0,48936;1749,09
13;68;0,48936;1749,09
13;69;0,48936;1749,09
13;70;0,48936;1749,09
13;71;0,48936;1749,09
13;72;0,48936;1749,09
13;73;0,48936;1749,09
13;74;0,48936;1749,09
14;61;1,0;3386,22
14;62;1,0;3386,22
14;63;1,0;3386,22
14;64;1,0;3386,22
14;65;1,0;3386,22
14;66;1,0;3386,22
14;67;1,0;3386,22
14;68;1,0;3386,22
14;69;1,0;3386,22
14;70;1,0;3386,22
14;71;1,0;3386,22
14;72;1,0;3386,22
14;73;1,0;3386,22
14;74;1,0;3386,22
14;55;1,0;3386,22
14;56;1,0;3386,22
14;57;1,0;3386,22
14;58;1,0;3386,22
14;59;1,0;3386,22
14;60;1,0;3386,22
14;1;0,97368;3266,16
14;2;0,97368;3266,16
14;3;0,97368;3266,16
14;4;0,97368;3266,16
14;5;0,97368;3266,16
14;6;0,97368;3266,16
14;7;0,97368;3266,16
14;8;0,97368;3266,16
14;9;0,97368;3266,16
14;10;0,97368;3266,16
14;11;0,97368;3266,16
14;12;0,97368;3266,16
14;13;0,97368;3266,16
14;14;0,97368;3266,16
14;15;0,97368;3266,16
14;16;0,97368;3266,16
14;17;0,97368;3266,16
14;18;0,97368;3266,16
14;19;0,97368;3266,16
14;20;0,97368;3266,16
14;21;0,97368;3266,16
14;22;0,97368;3266,16
14;23;0,97368;3266,16
14;24;0,97368;3266,16
14;25;0,97368;3266,16
14;26;0,97368;3266,16
14;27;0,97368;3266,16
14;28;0,97368;3266,16
14;29;0,97368;3266,16
14;30;0,97368;3266,16
15;1;0,70213;1524,65
15;2;0,70213;1524,65
15;3;0,70213;1524,65
15;4;0,70213;1524,65
15;5;0,70213;1524,65
15;6;0,70213;1524,65
15;7;0,70213;1524,65
15;8;0,70213;1524,65
15;9;0,70213;1524,65
15;10;0,70213;1524,65
15;11;0,70213;1524,65
15;12;0,70213;1524,65
15;13;0,70213;1524,65
15;14;0,70213;1524,65
15;15;0,70213;1524,65
15;16;0,70213;1524,65
15;17;0,70213;1524,65
15;18;0,70213;1524,65
15;19;0,70213;1524,65
15;20;0,70213;1524,65
15;21;0,70213;1524,65
15;22;0,70213;1524,65
15;23;0,70213;1524,65
15;24;0,70213;1524,65
15;25;0,70213;1524,65
15;26;0,70213;1524,65
15;27;0,70213;1524,65
15;28;0,70213;1524,65
15;29;0,70213;1524,65
15;30;0,70213;1524,65
15;67;0,68085;1487,11
15;68;0,68085;1487,11
15;69;0,68085;1487,11
15;70;0,68085;1487,11
15;71;0,68085;1487,11
15;72;0,68085;1487,11
15;73;0,68085;1487,11
15;74;0,68085;1487,11
15;64;0,68085;1487,11
15;65;0,68085;1487,11
15;55;0,68085;1487,11
15;56;0,68085;1487,11
15;57;0,68085;1487,11
15;58;0,68085;1487,11
15;59;0,68085;1487,11
15;60;0,68085;1487,11
15;61;0,68085;1487,11
15;62;0,68085;1487,11
15;63;0,68085;1487,11
15;66;0,68085;1487,11
16;55;0,97872;1830,77
16;56;0,97872;1830,77
16;57;0,97872;1830,77
16;58;0,97872;1830,77
16;59;0,97872;1830,77
16;60;0,97872;1830,77
16;61;0,97872;1830,77
16;62;0,97872;1830,77
16;63;0,97872;1830,77
16;64;0,97872;1830,77
16;65;0,97872;1830,77
16;66;0,97872;1830,77
16;67;0,97872;1830,77
16;68;0,97872;1830,77
16;69;0,97872;1830,77
16;70;0,97872;1830,77
16;71;0,97872;1830,77
16;72;0,97872;1830,77
16;73;0,97872;1830,77
16;74;0,97872;1830,77
16;17;1,0;1758,24
16;18;1,0;1758,24
16;19;1,0;1758,24
16;20;1,0;1758,24
16;21;1,0;1758,24
16;22;1,0;1758,24
16;23;1,0;1758,24
16;24;1,0;1758,24
16;25;1,0;1758,24
16;26;1,0;1758,24
16;27;1,0;1758,24
16;28;1,0;1758,24
16;29;1,0;1758,24
16;30;1,0;1758,24
16;1;1,0;1758,24
16;2;1,0;1758,24
16;3;1,0;1758,24
16;4;1,0;1758,24
16;5;1,0;1758,24
16;6;1,0;1758,24
16;7;1,0;1758,24
16;8;1,0;1758,24
16;9;1,0;1758,24
16;10;1,0;1758,24
16;11;1,0;1758,24
16;12;1,0;1758,24
16;13;1,0;1758,24
16;14;1,0;1758,24
16;15;1,0;1758,24
16;16;1,0;1758,24
17;17;1,0;1448,2
17;18;1,0;1448,2
17;19;1,0;1448,2
17;20;1,0;1448,2
17;21;1,0;1448,2
17;22;1,0;1448,2
17;23;1,0;1448,2
17;24;1,0;1448,2
17;25;1,0;1448,2
17;26;1,0;1448,2
17;27;1,0;1448,2
17;28;1,0;1448,2
17;29;1,0;1448,2
17;30;1,0;1448,2
17;1;1,0;1448,2
17;2;1,0;1448,2
17;3;1,0;1448,2
17;4;1,0;1448,2
17;5;1,0;1448,2
17;6;1,0;1448,2
17;7;1,0;1448,2
17;8;1,0;1448,2
17;9;1,0;1448,2
17;10;1,0;1448,2
17;11;1,0;1448,2
17;12;1,0;1448,2
17;13;1,0;1448,2
17;14;1,0;1448,2
17;15;1,0;1448,2
17;16;1,0;1448,2
17;55;0,97872;1394,51
17;56;0,97872;1394,51
17;57;0,97872;1394,51
17;58;0,97872;1394,51
17;59;0,97872;1394,51
17;60;0,97872;1394,51
17;61;0,97872;1394,51
17;62;0,97872;1394,51
17;63;0,97872;1394,51
17;64;0,97872;1394,51
17;65;0,97872;1394,51
17;66;0,97872;1394,51
17;67;0,97872;1394,51
17;68;0,97872;1394,51
17;69;0,97872;1394,51
17;70;0,97872;1394,51
17;71;0,97872;1394,51
17;72;0,97872;1394,51
17;73;0,97872;1394,51
17;74;0,97872;1394,51
18;55;0,94737;3210,52
18;56;0,94737;3210,52
18;57;0,94737;3210,52
18;58;0,94737;3210,52
18;59;0,94737;3210,52
18;60;0,94737;3210,52
18;61;0,94737;3210,52
18;62;0,94737;3210,52
18;63;0,94737;3210,52
18;64;0,94737;3210,52
18;65;0,94737;3210,52
18;66;0,94737;3210,52
18;67;0,94737;3210,52
18;68;0,94737;3210,52
18;69;0,94737;3210,52
18;70;0,94737;3210,52
18;71;0,94737;3210,52
18;72;0,94737;3210,52
18;73;0,94737;3210,52
18;74;0,94737;3210,52
18;5;0,89474;2991,58
18;6;0,89474;2991,58
18;7;0,89474;2991,58
18;8;0,89474;2991,58
18;9;0,89474;2991,58
18;10;0,89474;2991,58
18;11;0,89474;2991,58
18;12;0,89474;2991,58
18;13;0,89474;2991,58
18;14;0,89474;2991,58
18;15;0,89474;2991,58
18;16;0,89474;2991,58
18;17;0,89474;2991,58
18;18;0,89474;2991,58
18;19;0,89474;2991,58
18;20;0,89474;2991,58
18;21;0,89474;2991,58
18;22;0,89474;2991,58
18;23;0,89474;2991,58
18;24;0,89474;2991,58
18;25;0,89474;2991,58
18;26;0,89474;2991,58
18;27;0,89474;2991,58
18;28;0,89474;2991,58
18;29;0,89474;2991,58
18;30;0,89474;2991,58
18;1;0,89474;2991,58
18;2;0,89474;2991,58
18;3;0,89474;2991,58
18;4;0,89474;2991,58
19;7;0,97872;1448,2
19;8;0,97872;1448,2
19;9;0,97872;1448,2
19;10;0,97872;1448,2
19;11;0,97872;1448,2
19;12;0,97872;1448,2
19;13;0,97872;1448,2
19;14;0,97872;1448,2
19;15;0,97872;1448,2
19;16;0,97872;1448,2
19;17;0,97872;1448,2
19;18;0,97872;1448,2
19;19;0,97872;1448,2
19;20;0,97872;1448,2
19;21;0,97872;1448,2
19;22;0,97872;1448,2
19;23;0,97872;1448,2
19;24;0,97872;1448,2
19;25;0,97872;1448,2
19;26;0,97872;1448,2
19;27;0,97872;1448,2
19;28;0,97872;1448,2
19;29;0,97872;1448,2
19;30;0,97872;1448,2
19;1;0,97872;1448,2
19;2;0,97872;1448,2
19;3;0,97872;1448,2
19;4;0,97872;1448,2
19;5;0,97872;1448,2
19;6;0,97872;1448,2
19;68;1,0;1394,51
19;69;1,0;1394,51
19;70;1,0;1394,51
19;71;1,0;1394,51
19;72;1,0;1394,51
19;73;1,0;1394,51
19;74;1,0;1394,51
19;55;1,0;1394,51
19;56;1,0;1394,51
19;57;1,0;1394,51
19;58;1,0;1394,51
19;59;1,0;1394,51
19;60;1,0;1394,51
19;61;1,0;1394,51
19;62;1,0;1394,51
19;63;1,0;1394,51
19;64;1,0;1394,51
19;65;1,0;1394,51
19;66;1,0;1394,51
19;67;1,0;1394,51
20;60;0,52083;2908,34
20;61;0,52083;2908,34
20;62;0,52083;2908,34
20;63;0,52083;2908,34
20;64;0,52083;2908,34
20;65;0,52083;2908,34
20;66;0,52083;2908,34
20;67;0,52083;2908,34
20;68;0,52083;2908,34
20;69;0,52083;2908,34
20;70;0,52083;2908,34
20;71;0,52083;2908,34
20;72;0,52083;2908,34
20;73;0,52083;2908,34
20;74;0,52083;2908,34
20;55;0,52083;2908,34
20;56;0,52083;2908,34
20;57;0,52083;2908,34
20;58;0,52083;2908,34
20;59;0,52083;2908,34
20;5;0,5;2894,83
20;6;0,5;2894,83
20;7;0,5;2894,83
20;8;0,5;2894,83
20;9;0,5;2894,83
20;10;0,5;2894,83
20;11;0,5;2894,83
20;12;0,5;2894,83
20;13;0,5;2894,83
20;14;0,5;2894,83
20;15;0,5;2894,83
20;16;0,5;2894,83
20;17;0,5;2894,83
20;18;0,5;2894,83
20;19;0,5;2894,83
20;20;0,5;2894,83
20;21;0,5;2894,83
20;22;0,5;2894,83
20;23;0,5;2894,83
20;24;0,5;2894,83
20;25;0,5;2894,83
20;26;0,5;2894,83
20;27;0,5;2894,83
20;28;0,5;2894,83
20;29;0,5;2894,83
20;30;0,5;2894,83
20;1;0,5;2894,83
20;2;0,5;2894,83
20;3;0,5;2894,83
20;4;0,5;2894,83
21;5;1,0;1898,95
21;6;1,0;1898,95
21;7;1,0;1898,95
21;8;1,0;1898,95
21;9;1,0;1898,95
21;10;1,0;1898,95
21;11;1,0;1898,95
21;12;1,0;1898,95
21;13;1,0;1898,95
21;14;1,0;1898,95
21;15;1,0;1898,95
21;16;1,0;1898,95
21;17;1,0;1898,95
21;18;1,0;1898,95
21;19;1,0;1898,95
21;20;1,0;1898,95
21;21;1,0;1898,95
21;22;1,0;1898,95
21;23;1,0;1898,95
21;24;1,0;1898,95
21;25;1,0;1898,95
21;26;1,0;1898,95
21;27;1,0;1898,95
21;28;1,0;1898,95
21;29;1,0;1898,95
21;30;1,0;1898,95
21;1;1,0;1898,95
21;2;1,0;1898,95
21;3;1,0;1898,95
21;4;1,0;1898,95
21;55;0,95833;1919,11
21;56;0,95833;1919,11
21;57;0,95833;1919,11
21;58;0,95833;1919,11
21;59;0,95833;1919,11
21;60;0,95833;1919,11
21;61;0,95833;1919,11
21;62;0,95833;1919,11
21;63;0,95833;1919,11
21;64;0,95833;1919,11
21;65;0,95833;1919,11
21;66;0,95833;1919,11
21;67;0,95833;1919,11
21;68;0,95833;1919,11
21;69;0,95833;1919,11
21;70;0,95833;1919,11
21;71;0,95833;1919,11
21;72;0,95833;1919,11
21;73;0,95833;1919,11
21;74;0,95833;1919,11
22;55;1,0;1830,77
22;56;1,0;1830,77
22;57;1,0;1830,77
22;58;1,0;1830,77
22;59;1,0;1830,77
22;60;1,0;1830,77
22;61;1,0;1830,77
22;62;1,0;1830,77
22;63;1,0;1830,77
22;64;1,0;1830,77
22;65;1,0;1830,77
22;66;1,0;1830,77
22;67;1,0;1830,77
22;68;1,0;1830,77
22;69;1,0;1830,77
22;70;1,0;1830,77
22;71;1,0;1830,77
22;72;1,0;1830,77
22;73;1,0;1830,77
22;74;1,0;1830,77
22;8;0,97872;1758,24
22;9;0,97872;1758,24
22;10;0,97872;1758,24
22;11;0,97872;1758,24
22;12;0,97872;1758,24
22;13;0,97872;1758,24
22;14;0,97872;1758,24
22;15;0,97872;1758,24
22;16;0,97872;1758,24
22;17;0,97872;1758,24
22;18;0,97872;1758,24
22;19;0,97872;1758,24
22;20;0,97872;1758,24
22;21;0,97872;1758,24
22;22;0,97872;1758,24
22;23;0,97872;1758,24
22;24;0,97872;1758,24
22;25;0,97872;1758,24
22;26;0,97872;1758,24
22;27;0,97872;1758,24
22;28;0,97872;1758,24
22;29;0,97872;1758,24
22;30;0,97872;1758,24
22;1;0,97872;1758,24
22;2;0,97872;1758,24
22;3;0,97872;1758,24
22;4;0,97872;1758,24
22;5;0,97872;1758,24
22;6;0,97872;1758,24
22;7;0,97872;1758,24
23;17;0,94737;3693,04
23;18;0,94737;3693,04
23;19;0,94737;3693,04
23;20;0,94737;3693,04
23;21;0,94737;3693,04
23;22;0,94737;3693,04
23;23;0,94737;3693,04
23;24;0,94737;3693,04
23;25;0,94737;3693,04
23;26;0,94737;3693,04
23;27;0,94737;3693,04
23;28;0,94737;3693,04
23;29;0,94737;3693,04
23;30;0,94737;3693,04
23;1;0,94737;3693,04
23;2;0,94737;3693,04
23;3;0,94737;3693,04
23;4;0,94737;3693,04
23;5;0,94737;3693,04
23;6;0,94737;3693,04
23;7;0,94737;3693,04
23;8;0,94737;3693,04
23;9;0,94737;3693,04
23;10;0,94737;3693,04
23;11;0,94737;3693,04
23;12;0,94737;3693,04
23;13;0,94737;3693,04
23;14;0,94737;3693,04
23;15;0,94737;3693,04
23;16;0,94737;3693,04
23;55;0,97368;3885,4
23;56;0,97368;3885,4
23;57;0,97368;3885,4
23;58;0,97368;3885,4
23;59;0,97368;3885,4
23;60;0,97368;3885,4
23;61;0,97368;3885,4
23;62;0,97368;3885,4
23;63;0,97368;3885,4
23;64;0,97368;3885,4
23;65;0,97368;3885,4
23;66;0,97368;3885,4
23;67;0,97368;3885,4
23;68;0,97368;3885,4
23;69;0,97368;3885,4
23;70;0,97368;3885,4
23;71;0,97368;3885,4
23;72;0,97368;3885,4
23;73;0,97368;3885,4
23;74;0,97368;3885,4
24;70;0,48936;779,81
24;71;0,48936;779,81
24;72;0,48936;779,81
24;73;0,48936;779,81
24;74;0,48936;779,81
24;55;0,48936;779,81
24;56;0,48936;779,81
24;57;0,48936;779,81
24;58;0,48936;779,81
24;59;0,48936;779,81
24;60;0,48936;779,81
24;61;0,48936;779,81
24;62;0,48936;779,81
24;63;0,48936;779,81
24;64;0,48936;779,81
24;65;0,48936;779,81
24;66;0,48936;779,81
24;67;0,48936;779,81
24;68;0,48936;779,81
24;69;0,48936;779,81
24;1;0,46809;765,83
24;2;0,46809;765,83
24;3;0,46809;765,83
24;4;0,46809;765,83
24;5;0,46809;765,83
24;6;0,46809;765,83
24;7;0,46809;765,83
24;8;0,46809;765,83
24;9;0,46809;765,83
24;10;0,46809;765,83
24;11;0,46809;765,83
24;12;0,46809;765,83
24;13;0,46809;765,83
24;14;0,46809;765,83
24;15;0,46809;765,83
24;16;0,46809;765,83
24;17;0,46809;765,83
24;18;0,46809;765,83
24;19;0,46809;765,83
24;20;0,46809;765,83
24;21;0,46809;765,83
24;22;0,46809;765,83
24;23;0,46809;765,83
24;24;0,46809;765,83
24;25;0,46809;765,83
24;26;0,46809;765,83
24;27;0,46809;765,83
24;28;0,46809;765,83
24;29;0,46809;765,83
24;30;0,46809;765,83
25;1;0,76596;1137,24
25;2;0,76596;1137,24
25;3;0,76596;1137,24
25;4;0,76596;1137,24
25;5;0,76596;1137,24
25;6;0,76596;1137,24
25;7;0,76596;1137,24
25;8;0,76596;1137,24
25;9;0,76596;1137,24
25;10;0,76596;1137,24
25;11;0,76596;1137,24
25;12;0,76596;1137,24
25;13;0,76596;1137,24
25;14;0,76596;1137,24
25;15;0,76596;1137,24
25;16;0,76596;1137,24
25;17;0,76596;1137,24
25;18;0,76596;1137,24
25;19;0,76596;1137,24
25;20;0,76596;1137,24
25;21;0,76596;1137,24
25;22;0,76596;1137,24
25;23;0,76596;1137,24
25;24;0,76596;1137,24
25;25;0,76596;1137,24
25;26;0,76596;1137,24
25;27;0,76596;1137,24
25;28;0,76596;1137,24
25;29;0,76596;1137,24
25;30;0,76596;1137,24
25;55;0,80851;1113,01
25;56;0,80851;1113,01
25;57;0,80851;1113,01
25;58;0,80851;1113,01
25;59;0,80851;1113,01
25;60;0,80851;1113,01
25;61;0,80851;1113,01
25;62;0,80851;1113,01
25;63;0,80851;1113,01
25;64;0,80851;1113,01
25;65;0,80851;1113,01
25;66;0,80851;1113,01
25;67;0,80851;1113,01
25;68;0,80851;1113,01
25;69;0,80851;1113,01
25;70;0,80851;1113,01
25;71;0,80851;1113,01
25;72;0,80851;1113,01
25;73;0,80851;1113,01
25;74;0,80851;1113,01
26;55;0,08511;0,0
26;56;0,08511;0,0
26;57;0,08511;0,0
26;58;0,08511;0,0
26;59;0,08511;0,0
26;60;0,08511;0,0
26;61;0,08511;0,0
26;62;0,08511;0,0
26;63;0,08511;0,0
26;64;0,08511;0,0
26;65;0,08511;0,0
26;66;0,08511;0,0
26;67;0,08511;0,0
26;68;0,08511;0,0
26;69;0,08511;0,0
26;70;0,08511;0,0
26;71;0,08511;0,0
26;72;0,08511;0,0
26;73;0,08511;0,0
26;74;0,08511;0,0
26;1;0,89362;239,13
26;2;0,89362;239,13
26;3;0,89362;239,13
26;4;0,89362;239,13
26;5;0,89362;239,13
26;6;0,89362;239,13
26;7;0,89362;239,13
26;8;0,89362;239,13
26;9;0,89362;239,13
26;10;0,89362;239,13
26;11;0,89362;239,13
26;12;0,89362;239,13
26;13;0,89362;239,13
26;14;0,89362;239,13
26;15;0,89362;239,13
26;16;0,89362;239,13
26;17;0,89362;239,13
26;18;0,89362;239,13
26;19;0,89362;239,13
26;20;0,89362;239,13
26;21;0,89362;239,13
26;22;0,89362;239,13
26;23;0,89362;239,13
26;24;0,89362;239,13
26;25;0,89362;239,13
26;26;0,89362;239,13
26;27;0,89362;239,13
26;28;0,89362;239,13
26;29;0,89362;239,13
26;30;0,89362;239,13
27;8;0,6383;1758,24
27;9;0,6383;1758,24
27;10;0,6383;1758,24
27;11;0,6383;1758,24
27;12;0,6383;1758,24
27;13;0,6383;1758,24
27;14;0,6383;1758,24
27;15;0,6383;1758,24
27;16;0,6383;1758,24
27;17;0,6383;1758,24
27;18;0,6383;1758,24
27;19;0,6383;1758,24
27;20;0,6383;1758,24
27;21;0,6383;1758,24
27;22;0,6383;1758,24
27;23;0,6383;1758,24
27;24;0,6383;1758,24
27;25;0,6383;1758,24
27;26;0,6383;1758,24
27;27;0,6383;1758,24
27;28;0,6383;1758,24
27;29;0,6383;1758,24
27;30;0,6383;1758,24
27;1;0,6383;1758,24
27;2;0,6383;1758,24
27;3;0,6383;1758,24
27;4;0,6383;1758,24
27;5;0,6383;1758,24
27;6;0,6383;1758,24
27;7;0,6383;1758,24
27;58;0,65957;1830,77
27;59;0,65957;1830,77
27;60;0,65957;1830,77
27;61;0,65957;1830,77
27;62;0,65957;1830,77
27;63;0,65957;1830,77
27;64;0,65957;1830,77
27;65;0,65957;1830,77
27;66;0,65957;1830,77
27;67;0,65957;1830,77
27;68;0,65957;1830,77
27;69;0,65957;1830,77
27;70;0,65957;1830,77
27;71;0,65957;1830,77
27;72;0,65957;1830,77
27;73;0,65957;1830,77
27;74;0,65957;1830,77
27;55;0,65957;1830,77
27;56;0,65957;1830,77
27;57;0,65957;1830,77
28;55;0,63158;3811,71
28;56;0,63158;3811,71
28;57;0,63158;3811,71
28;58;0,63158;3811,71
28;59;0,63158;3811,71
28;60;0,63158;3811,71
28;61;0,63158;3811,71
28;62;0,63158;3811,71
28;63;0,63158;3811,71
28;64;0,63158;3811,71
28;65;0,63158;3811,71
28;66;0,63158;3811,71
28;67;0,63158;3811,71
28;68;0,63158;3811,71
28;69;0,63158;3811,71
28;70;0,63158;3811,71
28;71;0,63158;3811,71
28;72;0,63158;3811,71
28;73;0,63158;3811,71
28;74;0,63158;3811,71
28;1;0,60526;3590,74
28;2;0,60526;3590,74
28;3;0,60526;3590,74
28;4;0,60526;3590,74
28;5;0,60526;3590,74
28;6;0,60526;3590,74
28;7;0,60526;3590,74
28;8;0,60526;3590,74
28;9;0,60526;3590,74
28;10;0,60526;3590,74
28;11;0,60526;3590,74
28;12;0,60526;3590,74
28;13;0,60526;3590,74
28;14;0,60526;3590,74
28;15;0,60526;3590,74
28;16;0,60526;3590,74
28;17;0,60526;3590,74
28;18;0,60526;3590,74
28;19;0,60526;3590,74
28;20;0,60526;3590,74
28;21;0,60526;3590,74
28;22;0,60526;3590,74
28;23;0,60526;3590,74
28;24;0,60526;3590,74
28;25;0,60526;3590,74
28;26;0,60526;3590,74
28;27;0,60526;3590,74
28;28;0,60526;3590,74
28;29;0,60526;3590,74
28;30;0,60526;3590,74
29;16;0,89362;1758,24
29;17;0,89362;1758,24
29;18;0,89362;1758,24
29;19;0,89362;1758,24
29;20;0,89362;1758,24
29;21;0,89362;1758,24
29;22;0,89362;1758,24
29;23;0,89362;1758,24
29;24;0,89362;1758,24
29;25;0,89362;1758,24
29;26;0,89362;1758,24
29;27;0,89362;1758,24
29;28;0,89362;1758,24
29;29;0,89362;1758,24
29;30;0,89362;1758,24
29;13;0,89362;1758,24
29;14;0,89362;1758,24
29;1;0,89362;1758,24
29;2;0,89362;1758,24
29;3;0,89362;1758,24
29;4;0,89362;1758,24
29;5;0,89362;1758,24
29;6;0,89362;1758,24
29;7;0,89362;1758,24
29;8;0,89362;1758,24
29;9;0,89362;1758,24
29;10;0,89362;1758,24
29;11;0,89362;1758,24
29;12;0,89362;1758,24
29;15;0,89362;1758,24
29;55;0,93617;1830,77
29;56;0,93617;1830,77
29;57;0,93617;1830,77
29;58;0,93617;1830,77
29;59;0,93617;1830,77
29;60;0,93617;1830,77
29;61;0,93617;1830,77
29;62;0,93617;1830,77
29;63;0,93617;1830,77
29;64;0,93617;1830,77
29;65;0,93617;1830,77
29;66;0,93617;1830,77
29;67;0,93617;1830,77
29;68;0,93617;1830,77
29;69;0,93617;1830,77
29;70;0,93617;1830,77
29;71;0,93617;1830,77
29;72;0,93617;1830,77
29;73;0,93617;1830,77
29;74;0,93617;1830,77
30;55;0,93617;693,19
30;56;0,93617;693,19
30;57;0,93617;693,19
30;58;0,93617;693,19
30;59;0,93617;693,19
30;60;0,93617;693,19
30;61;0,93617;693,19
30;62;0,93617;693,19
30;63;0,93617;693,19
30;64;0,93617;693,19
30;65;0,93617;693,19
30;66;0,93617;693,19
30;67;0,93617;693,19
30;68;0,93617;693,19
30;69;0,93617;693,19
30;70;0,93617;693,19
30;71;0,93617;693,19
30;72;0,93617;693,19
30;73;0,93617;693,19
30;74;0,93617;693,19
30;3;0,91489;579,73
30;4;0,91489;579,73
30;5;0,91489;579,73
30;6;0,91489;579,73
30;7;0,91489;579,73
30;8;0,91489;579,73
30;9;0,91489;579,73
30;10;0,91489;579,73
30;11;0,91489;579,73
30;12;0,91489;579,73
30;13;0,91489;579,73
30;14;0,91489;579,73
30;15;0,91489;579,73
30;16;0,91489;579,73
30;17;0,91489;579,73
30;18;0,91489;579,73
30;19;0,91489;579,73
30;20;0,91489;579,73
30;21;0,91489;579,73
30;22;0,91489;579,73
30;23;0,91489;579,73
30;24;0,91489;579,73
30;25;0,91489;579,73
30;26;0,91489;579,73
30;27;0,91489;579,73
30;28;0,91489;579,73
30;29;0,91489;579,73
30;30;0,91489;579,73
30;1;0,91489;579,73
30;2;0,91489;579,73
31;1;0,80851;801,75
31;2;0,80851;801,75
31;3;0,80851;801,75
31;4;0,80851;801,75
31;5;0,80851;801,75
31;6;0,80851;801,75
31;7;0,80851;801,75
31;8;0,80851;801,75
31;9;0,80851;801,75
31;10;0,80851;801,75
31;11;0,80851;801,75
31;12;0,80851;801,75
31;13;0,80851;801,75
31;14;0,80851;801,75
31;15;0,80851;801,75
31;16;0,80851;801,75
31;17;0,80851;801,75
31;18;0,80851;801,75
31;19;0,80851;801,75
31;20;0,80851;801,75
31;21;0,80851;801,75
31;22;0,80851;801,75
31;23;0,80851;801,75
31;24;0,80851;801,75
31;25;0,80851;801,75
31;26;0,80851;801,75
31;27;0,80851;801,75
31;28;0,80851;801,75
31;29;0,80851;801,75
31;30;0,80851;801,75
31;55;0,82979;789,76
31;56;0,82979;789,76
31;57;0,82979;789,76
31;58;0,82979;789,76
31;59;0,82979;789,76
31;60;0,82979;789,76
31;61;0,82979;789,76
31;62;0,82979;789,76
31;63;0,82979;789,76
31;64;0,82979;789,76
31;65;0,82979;789,76
31;66;0,82979;789,76
31;67;0,82979;789,76
31;68;0,82979;789,76
31;69;0,82979;789,76
31;70;0,82979;789,76
31;71;0,82979;789,76
31;72;0,82979;789,76
31;73;0,82979;789,76
31;74;0,82979;789,76
32;55;0,95745;1394,51
32;56;0,95745;1394,51
32;57;0,95745;1394,51
32;58;0,95745;1394,51
32;59;0,95745;1394,51
32;60;0,95745;1394,51
32;61;0,95745;1394,51
32;62;0,95745;1394,51
32;63;0,95745;1394,51
32;64;0,95745;1394,51
32;65;0,95745;1394,51
32;66;0,95745;1394,51
32;67;0,95745;1394,51
32;68;0,95745;1394,51
32;69;0,95745;1394,51
32;70;0,95745;1394,51
32;71;0,95745;1394,51
32;72;0,95745;1394,51
32;73;0,95745;1394,51
32;74;0,95745;1394,51
32;26;0,97872;1448,2
32;19;0,97872;1448,2
32;20;0,97872;1448,2
32;21;0,97872;1448,2
32;22;0,97872;1448,2
32;27;0,97872;1448,2
32;28;0,97872;1448,2
32;29;0,97872;1448,2
32;30;0,97872;1448,2
32;1;0,97872;1448,2
32;2;0,97872;1448,2
32;3;0,97872;1448,2
32;4;0,97872;1448,2
32;5;0,97872;1448,2
32;6;0,97872;1448,2
32;7;0,97872;1448,2
32;8;0,97872;1448,2
32;9;0,97872;1448,2
32;10;0,97872;1448,2
32;11;0,97872;1448,2
32;12;0,97872;1448,2
32;13;0,97872;1448,2
32;14;0,97872;1448,2
32;15;0,97872;1448,2
32;16;0,97872;1448,2
32;17;0,97872;1448,2
32;18;0,97872;1448,2
32;23;0,97872;1448,2
32;24;0,97872;1448,2
32;25;0,97872;1448,2
33;11;0,97872;1137,24
33;12;0,97872;1137,24
33;13;0,97872;1137,24
33;14;0,97872;1137,24
33;15;0,97872;1137,24
33;16;0,97872;1137,24
33;17;0,97872;1137,24
33;18;0,97872;1137,24
33;19;0,97872;1137,24
33;20;0,97872;1137,24
33;21;0,97872;1137,24
33;22;0,97872;1137,24
33;23;0,97872;1137,24
33;24;0,97872;1137,24
33;25;0,97872;1137,24
33;26;0,97872;1137,24
33;27;0,97872;1137,24
33;28;0,97872;1137,24
33;29;0,97872;1137,24
33;30;0,97872;1137,24
33;1;0,97872;1137,24
33;2;0,97872;1137,24
33;3;0,97872;1137,24
33;4;0,97872;1137,24
33;5;0,97872;1137,24
33;6;0,97872;1137,24
33;7;0,97872;1137,24
33;8;0,97872;1137,24
33;9;0,97872;1137,24
33;10;0,97872;1137,24
33;55;0,93617;1113,01
33;56;0,93617;1113,01
33;57;0,93617;1113,01
33;58;0,93617;1113,01
33;59;0,93617;1113,01
33;60;0,93617;1113,01
33;61;0,93617;1113,01
33;62;0,93617;1113,01
33;63;0,93617;1113,01
33;64;0,93617;1113,01
33;65;0,93617;1113,01
33;66;0,93617;1113,01
33;67;0,93617;1113,01
33;68;0,93617;1113,01
33;69;0,93617;1113,01
33;70;0,93617;1113,01
33;71;0,93617;1113,01
33;72;0,93617;1113,01
33;73;0,93617;1113,01
33;74;0,93617;1113,01
34;55;0,59574;1900,13
34;56;0,59574;1900,13
34;57;0,59574;1900,13
34;58;0,59574;1900,13
34;59;0,59574;1900,13
34;60;0,59574;1900,13
34;61;0,59574;1900,13
34;62;0,59574;1900,13
34;63;0,59574;1900,13
34;64;0,59574;1900,13
34;65;0,59574;1900,13
34;66;0,59574;1900,13
34;67;0,59574;1900,13
34;68;0,59574;1900,13
34;69;0,59574;1900,13
34;70;0,59574;1900,13
34;71;0,59574;1900,13
34;72;0,59574;1900,13
34;73;0,59574;1900,13
34;74;0,59574;1900,13
34;1;0,57447;1831,83
34;2;0,57447;1831,83
34;3;0,57447;1831,83
34;4;0,57447;1831,83
34;5;0,57447;1831,83
34;6;0,57447;1831,83
34;7;0,57447;1831,83
34;8;0,57447;1831,83
34;9;0,57447;1831,83
34;10;0,57447;1831,83
34;11;0,57447;1831,83
34;12;0,57447;1831,83
34;13;0,57447;1831,83
34;14;0,57447;1831,83
34;15;0,57447;1831,83
34;16;0,57447;1831,83
34;17;0,57447;1831,83
34;18;0,57447;1831,83
34;19;0,57447;1831,83
34;20;0,57447;1831,83
34;21;0,57447;1831,83
34;22;0,57447;1831,83
34;23;0,57447;1831,83
34;24;0,57447;1831,83
34;25;0,57447;1831,83
34;26;0,57447;1831,83
34;27;0,57447;1831,83
34;28;0,57447;1831,83
34;29;0,57447;1831,83
34;30;0,57447;1831,83
35;13;1,0;1448,2
35;14;1,0;1448,2
35;15;1,0;1448,2
35;16;1,0;1448,2
35;17;1,0;1448,2
35;18;1,0;1448,2
35;19;1,0;1448,2
35;20;1,0;1448,2
35;21;1,0;1448,2
35;22;1,0;1448,2
35;23;1,0;1448,2
35;24;1,0;1448,2
35;25;1,0;1448,2
35;26;1,0;1448,2
35;27;1,0;1448,2
35;28;1,0;1448,2
35;29;1,0;1448,2
35;30;1,0;1448,2
35;1;1,0;1448,2
35;2;1,0;1448,2
35;3;1,0;1448,2
35;4;1,0;1448,2
35;5;1,0;1448,2
35;6;1,0;1448,2
35;7;1,0;1448,2
35;8;1,0;1448,2
35;9;1,0;1448,2
35;10;1,0;1448,2
35;11;1,0;1448,2
35;12;1,0;1448,2
35;62;0,97872;1394,51
35;63;0,97872;1394,51
35;64;0,97872;1394,51
35;65;0,97872;1394,51
35;66;0,97872;1394,51
35;67;0,97872;1394,51
35;68;0,97872;1394,51
35;69;0,97872;1394,51
35;70;0,97872;1394,51
35;71;0,97872;1394,51
35;72;0,97872;1394,51
35;73;0,97872;1394,51
35;74;0,97872;1394,51
35;55;0,97872;1394,51
35;56;0,97872;1394,51
35;57;0,97872;1394,51
35;58;0,97872;1394,51
35;59;0,97872;1394,51
35;60;0,97872;1394,51
35;61;0,97872;1394,51
36;55;0,85417;1290,59
36;56;0,85417;1290,59
36;57;0,85417;1290,59
36;58;0,85417;1290,59
36;59;0,85417;1290,59
36;60;0,85417;1290,59
36;61;0,85417;1290,59
36;62;0,85417;1290,59
36;63;0,85417;1290,59
36;64;0,85417;1290,59
36;65;0,85417;1290,59
36;66;0,85417;1290,59
36;67;0,85417;1290,59
36;68;0,85417;1290,59
36;69;0,85417;1290,59
36;70;0,85417;1290,59
36;71;0,85417;1290,59
36;72;0,85417;1290,59
36;73;0,85417;1290,59
36;74;0,85417;1290,59
36;19;0,83333;1323,56
36;20;0,83333;1323,56
36;21;0,83333;1323,56
36;22;0,83333;1323,56
36;23;0,83333;1323,56
36;24;0,83333;1323,56
36;25;0,83333;1323,56
36;26;0,83333;1323,56
36;27;0,83333;1323,56
36;28;0,83333;1323,56
36;29;0,83333;1323,56
36;30;0,83333;1323,56
36;1;0,83333;1323,56
36;2;0,83333;1323,56
36;3;0,83333;1323,56
36;4;0,83333;1323,56
36;5;0,83333;1323,56
36;6;0,83333;1323,56
36;7;0,83333;1323,56
36;8;0,83333;1323,56
36;9;0,83333;1323,56
36;10;0,83333;1323,56
36;11;0,83333;1323,56
36;12;0,83333;1323,56
36;13;0,83333;1323,56
36;14;0,83333;1323,56
36;15;0,83333;1323,56
36;16;0,83333;1323,56
36;17;0,83333;1323,56
36;18;0,83333;1323,56
37;5;1,0;1612,65
37;6;1,0;1612,65
37;7;1,0;1612,65
37;8;1,0;1612,65
37;9;1,0;1612,65
37;10;1,0;1612,65
37;11;1,0;1612,65
37;12;1,0;1612,65
37;13;1,0;1612,65
37;14;1,0;1612,65
37;15;1,0;1612,65
37;16;1,0;1612,65
37;17;1,0;1612,65
37;18;1,0;1612,65
37;19;1,0;1612,65
37;20;1,0;1612,65
37;21;1,0;1612,65
37;22;1,0;1612,65
37;23;1,0;1612,65
37;24;1,0;1612,65
37;25;1,0;1612,65
37;26;1,0;1612,65
37;27;1,0;1612,65
37;28;1,0;1612,65
37;29;1,0;1612,65
37;30;1,0;1612,65
37;1;1,0;1612,65
37;2;1,0;1612,65
37;3;1,0;1612,65
37;4;1,0;1612,65
37;62;0,97917;1552,73
37;63;0,97917;1552,73
37;64;0,97917;1552,73
37;65;0,97917;1552,73
37;66;0,97917;1552,73
37;67;0,97917;1552,73
37;68;0,97917;1552,73
37;69;0,97917;1552,73
37;70;0,97917;1552,73
37;71;0,97917;1552,73
37;72;0,97917;1552,73
37;73;0,97917;1552,73
37;74;0,97917;1552,73
37;55;0,97917;1552,73
37;56;0,97917;1552,73
37;57;0,97917;1552,73
37;58;0,97917;1552,73
37;59;0,97917;1552,73
37;60;0,97917;1552,73
37;61;0,97917;1552,73
38;55;0,61702;246,22
38;56;0,61702;246,22
38;57;0,61702;246,22
38;58;0,61702;246,22
38;59;0,61702;246,22
38;60;0,61702;246,22
38;61;0,61702;246,22
38;62;0,61702;246,22
38;63;0,61702;246,22
38;64;0,61702;246,22
38;65;0,61702;246,22
38;66;0,61702;246,22
38;67;0,61702;246,22
38;72;0,61702;246,22
38;73;0,61702;246,22
38;74;0,61702;246,22
38;68;0,61702;246,22
38;69;0,61702;246,22
38;70;0,61702;246,22
38;71;0,61702;246,22
38;6;0,59574;123,06
38;7;0,59574;123,06
38;8;0,59574;123,06
38;9;0,59574;123,06
38;10;0,59574;123,06
38;11;0,59574;123,06
38;12;0,59574;123,06
38;13;0,59574;123,06
38;14;0,59574;123,06
38;15;0,59574;123,06
38;16;0,59574;123,06
38;17;0,59574;123,06
38;18;0,59574;123,06
38;19;0,59574;123,06
38;20;0,59574;123,06
38;21;0,59574;123,06
38;22;0,59574;123,06
38;23;0,59574;123,06
38;24;0,59574;123,06
38;25;0,59574;123,06
38;26;0,59574;123,06
38;27;0,59574;123,06
38;28;0,59574;123,06
38;29;0,59574;123,06
38;30;0,59574;123,06
38;1;0,59574;123,06
38;2;0,59574;123,06
38;3;0,59574;123,06
38;4;0,59574;123,06
38;5;0,59574;123,06
39;8;0,93617;1391,76
39;9;0,93617;1391,76
39;10;0,93617;1391,76
39;11;0,93617;1391,76
39;12;0,93617;1391,76
39;13;0,93617;1391,76
39;14;0,93617;1391,76
39;15;0,93617;1391,76
39;16;0,93617;1391,76
39;17;0,93617;1391,76
39;18;0,93617;1391,76
39;19;0,93617;1391,76
39;20;0,93617;1391,76
39;21;0,93617;1391,76
39;22;0,93617;1391,76
39;23;0,93617;1391,76
39;24;0,93617;1391,76
39;25;0,93617;1391,76
39;26;0,93617;1391,76
39;27;0,93617;1391,76
39;28;0,93617;1391,76
39;29;0,93617;1391,76
39;30;0,93617;1391,76
39;1;0,93617;1391,76
39;2;0,93617;1391,76
39;3;0,93617;1391,76
39;4;0,93617;1391,76
39;5;0,93617;1391,76
39;6;0,93617;1391,76
39;7;0,93617;1391,76
39;65;0,95745;1376,11
39;66;0,95745;1376,11
39;67;0,95745;1376,11
39;68;0,95745;1376,11
39;69;0,95745;1376,11
39;70;0,95745;1376,11
39;71;0,95745;1376,11
39;72;0,95745;1376,11
39;73;0,95745;1376,11
39;74;0,95745;1376,11
39;55;0,95745;1376,11
39;56;0,95745;1376,11
39;57;0,95745;1376,11
39;58;0,95745;1376,11
39;59;0,95745;1376,11
39;60;0,95745;1376,11
39;61;0,95745;1376,11
39;62;0,95745;1376,11
39;63;0,95745;1376,11
39;64;0,95745;1376,11
40;55;0,91667;1472,82
40;56;0,91667;1472,82
40;57;0,91667;1472,82
40;58;0,91667;1472,82
40;59;0,91667;1472,82
40;60;0,91667;1472,82
40;61;0,91667;1472,82
40;62;0,91667;1472,82
40;63;0,91667;1472,82
40;64;0,91667;1472,82
40;65;0,91667;1472,82
40;66;0,91667;1472,82
40;67;0,91667;1472,82
40;68;0,91667;1472,82
40;69;0,91667;1472,82
40;70;0,91667;1472,82
40;71;0,91667;1472,82
40;72;0,91667;1472,82
40;73;0,91667;1472,82
40;74;0,91667;1472,82
40;15;0,9375;1494,83
40;16;0,9375;1494,83
40;17;0,9375;1494,83
40;18;0,9375;1494,83
40;19;0,9375;1494,83
40;20;0,9375;1494,83
40;21;0,9375;1494,83
40;22;0,9375;1494,83
40;23;0,9375;1494,83
40;24;0,9375;1494,83
40;25;0,9375;1494,83
40;26;0,9375;1494,83
40;27;0,9375;1494,83
40;28;0,9375;1494,83
40;29;0,9375;1494,83
40;30;0,9375;1494,83
40;1;0,9375;1494,83
40;2;0,9375;1494,83
40;3;0,9375;1494,83
40;4;0,9375;1494,83
40;5;0,9375;1494,83
40;6;0,9375;1494,83
40;7;0,9375;1494,83
40;8;0,9375;1494,83
40;9;0,9375;1494,83
40;10;0,9375;1494,83
40;11;0,9375;1494,83
40;12;0,9375;1494,83
40;13;0,9375;1494,83
40;14;0,9375;1494,83
41;1;0,6875;1382,29
41;2;0,6875;1382,29
41;3;0,6875;1382,29
41;4;0,6875;1382,29
41;5;0,6875;1382,29
41;6;0,6875;1382,29
41;7;0,6875;1382,29
41;8;0,6875;1382,29
41;9;0,6875;1382,29
41;10;0,6875;1382,29
41;11;0,6875;1382,29
41;12;0,6875;1382,29
41;13;0,6875;1382,29
41;14;0,6875;1382,29
41;15;0,6875;1382,29
41;16;0,6875;1382,29
41;17;0,6875;1382,29
41;18;0,6875;1382,29
41;19;0,6875;1382,29
41;20;0,6875;1382,29
41;21;0,6875;1382,29
41;22;0,6875;1382,29
41;23;0,6875;1382,29
41;24;0,6875;1382,29
41;25;0,6875;1382,29
41;26;0,6875;1382,29
41;27;0,6875;1382,29
41;28;0,6875;1382,29
41;29;0,6875;1382,29
41;30;0,6875;1382,29
41;55;0,70833;1499,65
41;56;0,70833;1499,65
41;57;0,70833;1499,65
41;58;0,70833;1499,65
41;59;0,70833;1499,65
41;60;0,70833;1499,65
41;61;0,70833;1499,65
41;62;0,70833;1499,65
41;63;0,70833;1499,65
41;64;0,70833;1499,65
41;65;0,70833;1499,65
41;66;0,70833;1499,65
41;67;0,70833;1499,65
41;68;0,70833;1499,65
41;69;0,70833;1499,65
41;70;0,70833;1499,65
41;71;0,70833;1499,65
41;72;0,70833;1499,65
41;73;0,70833;1499,65
41;74;0,70833;1499,65
42;55;0,22917;1815,15
42;56;0,22917;1815,15
42;57;0,22917;1815,15
42;58;0,22917;1815,15
42;59;0,22917;1815,15
42;60;0,22917;1815,15
42;61;0,22917;1815,15
42;62;0,22917;1815,15
42;63;0,22917;1815,15
42;64;0,22917;1815,15
42;65;0,22917;1815,15
42;66;0,22917;1815,15
42;67;0,22917;1815,15
42;68;0,22917;1815,15
42;69;0,22917;1815,15
42;70;0,22917;1815,15
42;71;0,22917;1815,15
42;72;0,22917;1815,15
42;73;0,22917;1815,15
42;74;0,22917;1815,15
42;5;0,20833;1867,46
42;6;0,20833;1867,46
42;7;0,20833;1867,46
42;8;0,20833;1867,46
42;9;0,20833;1867,46
42;10;0,20833;1867,46
42;11;0,20833;1867,46
42;12;0,20833;1867,46
42;13;0,20833;1867,46
42;14;0,20833;1867,46
42;15;0,20833;1867,46
42;16;0,20833;1867,46
42;17;0,20833;1867,46
42;18;0,20833;1867,46
42;19;0,20833;1867,46
42;20;0,20833;1867,46
42;21;0,20833;1867,46
42;22;0,20833;1867,46
42;23;0,20833;1867,46
42;24;0,20833;1867,46
42;25;0,20833;1867,46
42;26;0,20833;1867,46
42;27;0,20833;1867,46
42;28;0,20833;1867,46
42;29;0,20833;1867,46
42;30;0,20833;1867,46
42;1;0,20833;1867,46
42;2;0,20833;1867,46
42;3;0,20833;1867,46
42;4;0,20833;1867,46
43;1;0,89362;420,86
43;2;0,89362;420,86
43;3;0,89362;420,86
43;4;0,89362;420,86
43;5;0,89362;420,86
43;6;0,89362;420,86
43;7;0,89362;420,86
43;8;0,89362;420,86
43;9;0,89362;420,86
43;10;0,89362;420,86
43;11;0,89362;420,86
43;12;0,89362;420,86
43;13;0,89362;420,86
43;14;0,89362;420,86
43;15;0,89362;420,86
43;16;0,89362;420,86
43;17;0,89362;420,86
43;18;0,89362;420,86
43;19;0,89362;420,86
43;20;0,89362;420,86
43;21;0,89362;420,86
43;22;0,89362;420,86
43;23;0,89362;420,86
43;24;0,89362;420,86
43;25;0,89362;420,86
43;26;0,89362;420,86
43;27;0,89362;420,86
43;28;0,89362;420,86
43;29;0,89362;420,86
43;30;0,89362;420,86
43;55;0,87234;333,52
43;56;0,87234;333,52
43;57;0,87234;333,52
43;58;0,87234;333,52
43;59;0,87234;333,52
43;60;0,87234;333,52
43;61;0,87234;333,52
43;62;0,87234;333,52
43;63;0,87234;333,52
43;64;0,87234;333,52
43;65;0,87234;333,52
43;66;0,87234;333,52
43;67;0,87234;333,52
43;68;0,87234;333,52
43;69;0,87234;333,52
43;70;0,87234;333,52
43;71;0,87234;333,52
43;72;0,87234;333,52
43;73;0,87234;333,52
43;74;0,87234;333,52
44;55;0,82979;779,81
44;56;0,82979;779,81
44;57;0,82979;779,81
44;58;0,82979;779,81
44;59;0,82979;779,81
44;60;0,82979;779,81
44;61;0,82979;779,81
44;62;0,82979;779,81
44;63;0,82979;779,81
44;64;0,82979;779,81
44;65;0,82979;779,81
44;66;0,82979;779,81
44;67;0,82979;779,81
44;68;0,82979;779,81
44;69;0,82979;779,81
44;70;0,82979;779,81
44;71;0,82979;779,81
44;72;0,82979;779,81
44;73;0,82979;779,81
44;74;0,82979;779,81
44;1;0,80851;765,83
44;2;0,80851;765,83
44;3;0,80851;765,83
44;4;0,80851;765,83
44;5;0,80851;765,83
44;6;0,80851;765,83
44;7;0,80851;765,83
44;8;0,80851;765,83
44;9;0,80851;765,83
44;10;0,80851;765,83
44;11;0,80851;765,83
44;12;0,80851;765,83
44;13;0,80851;765,83
44;14;0,80851;765,83
44;15;0,80851;765,83
44;16;0,80851;765,83
44;17;0,80851;765,83
44;18;0,80851;765,83
44;19;0,80851;765,83
44;20;0,80851;765,83
44;21;0,80851;765,83
44;22;0,80851;765,83
44;23;0,80851;765,83
44;24;0,80851;765,83
44;25;0,80851;765,83
44;26;0,80851;765,83
44;27;0,80851;765,83
44;28;0,80851;765,83
44;29;0,80851;765,83
44;30;0,80851;765,83
45;18;0,76596;1604,7
45;19;0,76596;1604,7
45;20;0,76596;1604,7
45;21;0,76596;1604,7
45;22;0,76596;1604,7
45;23;0,76596;1604,7
45;24;0,76596;1604,7
45;25;0,76596;1604,7
45;26;0,76596;1604,7
45;27;0,76596;1604,7
45;28;0,76596;1604,7
45;29;0,76596;1604,7
45;30;0,76596;1604,7
45;1;0,76596;1604,7
45;2;0,76596;1604,7
45;3;0,76596;1604,7
45;4;0,76596;1604,7
45;5;0,76596;1604,7
45;6;0,76596;1604,7
45;7;0,76596;1604,7
45;8;0,76596;1604,7
45;9;0,76596;1604,7
45;10;0,76596;1604,7
45;11;0,76596;1604,7
45;12;0,76596;1604,7
45;13;0,76596;1604,7
45;14;0,76596;1604,7
45;15;0,76596;1604,7
45;16;0,76596;1604,7
45;17;0,76596;1604,7
45;55;0,95745;1692,14
45;56;0,95745;1692,14
45;57;0,95745;1692,14
45;58;0,95745;1692,14
45;59;0,95745;1692,14
45;60;0,95745;1692,14
45;61;0,95745;1692,14
45;62;0,95745;1692,14
45;63;0,95745;1692,14
45;64;0,95745;1692,14
45;65;0,95745;1692,14
45;66;0,95745;1692,14
45;67;0,95745;1692,14
45;68;0,95745;1692,14
45;69;0,95745;1692,14
45;70;0,95745;1692,14
45;71;0,95745;1692,14
45;72;0,95745;1692,14
45;73;0,95745;1692,14
45;74;0,95745;1692,14
46;61;0,97368;2676,22
46;62;0,97368;2676,22
46;63;0,97368;2676,22
46;64;0,97368;2676,22
46;65;0,97368;2676,22
46;66;0,97368;2676,22
46;67;0,97368;2676,22
46;68;0,97368;2676,22
46;69;0,97368;2676,22
46;70;0,97368;2676,22
46;71;0,97368;2676,22
46;72;0,97368;2676,22
46;73;0,97368;2676,22
46;74;0,97368;2676,22
46;55;0,97368;2676,22
46;56;0,97368;2676,22
46;57;0,97368;2676,22
46;58;0,97368;2676,22
46;59;0,97368;2676,22
46;60;0,97368;2676,22
46;21;0,94737;2455,42
46;22;0,94737;2455,42
46;23;0,94737;2455,42
46;24;0,94737;2455,42
46;25;0,94737;2455,42
46;26;0,94737;2455,42
46;27;0,94737;2455,42
46;28;0,94737;2455,42
46;29;0,94737;2455,42
46;30;0,94737;2455,42
46;1;0,94737;2455,42
46;2;0,94737;2455,42
46;3;0,94737;2455,42
46;4;0,94737;2455,42
46;5;0,94737;2455,42
46;6;0,94737;2455,42
46;7;0,94737;2455,42
46;8;0,94737;2455,42
46;9;0,94737;2455,42
46;10;0,94737;2455,42
46;11;0,94737;2455,42
46;12;0,94737;2455,42
46;13;0,94737;2455,42
46;14;0,94737;2455,42
46;15;0,94737;2455,42
46;16;0,94737;2455,42
46;17;0,94737;2455,42
46;18;0,94737;2455,42
46;19;0,94737;2455,42
46;20;0,94737;2455,42
47;19;0,7234;1137,24
47;20;0,7234;1137,24
47;21;0,7234;1137,24
47;22;0,7234;1137,24
47;23;0,7234;1137,24
47;24;0,7234;1137,24
47;25;0,7234;1137,24
47;26;0,7234;1137,24
47;27;0,7234;1137,24
47;28;0,7234;1137,24
47;29;0,7234;1137,24
47;30;0,7234;1137,24
47;1;0,7234;1137,24
47;2;0,7234;1137,24
47;3;0,7234;1137,24
47;4;0,7234;1137,24
47;5;0,7234;1137,24
47;6;0,7234;1137,24
47;7;0,7234;1137,24
47;8;0,7234;1137,24
47;9;0,7234;1137,24
47;10;0,7234;1137,24
47;11;0,7234;1137,24
47;12;0,7234;1137,24
47;13;0,7234;1137,24
47;14;0,7234;1137,24
47;15;0,7234;1137,24
47;16;0,7234;1137,24
47;17;0,7234;1137,24
47;18;0,7234;1137,24
47;55;0,74468;1113,01
47;56;0,74468;1113,01
47;57;0,74468;1113,01
47;58;0,74468;1113,01
47;59;0,74468;1113,01
47;60;0,74468;1113,01
47;61;0,74468;1113,01
47;62;0,74468;1113,01
47;63;0,74468;1113,01
47;64;0,74468;1113,01
47;65;0,74468;1113,01
47;66;0,74468;1113,01
47;67;0,74468;1113,01
47;68;0,74468;1113,01
47;69;0,74468;1113,01
47;70;0,74468;1113,01
47;71;0,74468;1113,01
47;72;0,74468;1113,01
47;73;0,74468;1113,01
47;74;0,74468;1113,01
48;55;0,95745;1394,51
48;56;0,95745;1394,51
48;57;0,95745;1394,51
48;58;0,95745;1394,51
48;59;0,95745;1394,51
48;60;0,95745;1394,51
48;61;0,95745;1394,51
48;62;0,95745;1394,51
48;63;0,95745;1394,51
48;64;0,95745;1394,51
48;65;0,95745;1394,51
48;66;0,95745;1394,51
48;67;0,95745;1394,51
48;68;0,95745;1394,51
48;69;0,95745;1394,51
48;70;0,95745;1394,51
48;71;0,95745;1394,51
48;72;0,95745;1394,51
48;73;0,95745;1394,51
48;74;0,95745;1394,51
48;1;0,93617;1448,2
48;2;0,93617;1448,2
48;3;0,93617;1448,2
48;4;0,93617;1448,2
48;5;0,93617;1448,2
48;6;0,93617;1448,2
48;7;0,93617;1448,2
48;8;0,93617;1448,2
48;9;0,93617;1448,2
48;10;0,93617;1448,2
48;11;0,93617;1448,2
48;12;0,93617;1448,2
48;13;0,93617;1448,2
48;14;0,93617;1448,2
48;15;0,93617;1448,2
48;16;0,93617;1448,2
48;17;0,93617;1448,2
48;18;0,93617;1448,2
48;19;0,93617;1448,2
48;20;0,93617;1448,2
48;21;0,93617;1448,2
48;22;0,93617;1448,2
48;23;0,93617;1448,2
48;24;0,93617;1448,2
48;25;0,93617;1448,2
48;26;0,93617;1448,2
48;27;0,93617;1448,2
48;28;0,93617;1448,2
48;29;0,93617;1448,2
48;30;0,93617;1448,2
49;7;0,42553;1637,95
49;8;0,42553;1637,95
49;9;0,42553;1637,95
49;10;0,42553;1637,95
49;11;0,42553;1637,95
49;12;0,42553;1637,95
49;13;0,42553;1637,95
49;14;0,42553;1637,95
49;15;0,42553;1637,95
49;16;0,42553;1637,95
49;17;0,42553;1637,95
49;18;0,42553;1637,95
49;19;0,42553;1637,95
49;20;0,42553;1637,95
49;21;0,42553;1637,95
49;22;0,42553;1637,95
49;23;0,42553;1637,95
49;24;0,42553;1637,95
49;25;0,42553;1637,95
49;26;0,42553;1637,95
49;27;0,42553;1637,95
49;28;0,42553;1637,95
49;29;0,42553;1637,95
49;30;0,42553;1637,95
49;1;0,42553;1637,95
49;2;0,42553;1637,95
49;3;0,42553;1637,95
49;4;0,42553;1637,95
49;5;0,42553;1637,95
49;6;0,42553;1637,95
49;55;0,44681;1636,45
49;56;0,44681;1636,45
49;57;0,44681;1636,45
49;58;0,44681;1636,45
49;59;0,44681;1636,45
49;60;0,44681;1636,45
49;61;0,44681;1636,45
49;62;0,44681;1636,45
49;63;0,44681;1636,45
49;64;0,44681;1636,45
49;65;0,44681;1636,45
49;66;0,44681;1636,45
49;67;0,44681;1636,45
49;68;0,44681;1636,45
49;69;0,44681;1636,45
49;70;0,44681;1636,45
49;71;0,44681;1636,45
49;72;0,44681;1636,45
49;73;0,44681;1636,45
49;74;0,44681;1636,45
50;74;0,76596;1394,51
50;55;0,76596;1394,51
50;56;0,76596;1394,51
50;57;0,76596;1394,51
50;58;0,76596;1394,51
50;59;0,76596;1394,51
50;60;0,76596;1394,51
50;61;0,76596;1394,51
50;62;0,76596;1394,51
50;63;0,76596;1394,51
50;64;0,76596;1394,51
50;65;0,76596;1394,51
50;66;0,76596;1394,51
50;67;0,76596;1394,51
50;68;0,76596;1394,51
50;69;0,76596;1394,51
50;70;0,76596;1394,51
50;71;0,76596;1394,51
50;72;0,76596;1394,51
50;73;0,76596;1394,51
50;21;0,78723;1448,2
50;22;0,78723;1448,2
50;23;0,78723;1448,2
50;24;0,78723;1448,2
50;25;0,78723;1448,2
50;26;0,78723;1448,2
50;27;0,78723;1448,2
50;28;0,78723;1448,2
50;29;0,78723;1448,2
50;30;0,78723;1448,2
50;1;0,78723;1448,2
50;2;0,78723;1448,2
50;3;0,78723;1448,2
50;4;0,78723;1448,2
50;5;0,78723;1448,2
50;6;0,78723;1448,2
50;7;0,78723;1448,2
50;8;0,78723;1448,2
50;9;0,78723;1448,2
50;10;0,78723;1448,2
50;11;0,78723;1448,2
50;12;0,78723;1448,2
50;13;0,78723;1448,2
50;14;0,78723;1448,2
50;15;0,78723;1448,2
50;16;0,78723;1448,2
50;17;0,78723;1448,2
50;18;0,78723;1448,2
50;19;0,78723;1448,2
50;20;0,78723;1448,2
